{"stats":{"minecraft:picked_up":{"minecraft:stone_pressure_plate":1},"minecraft:used":{"minecraft:stone_pressure_plate":1},"minecraft:custom":{"minecraft:jump":49,"minecraft:time_since_rest":3688,"minecraft:crouch_one_cm":17,"minecraft:leave_game":1,"minecraft:sprint_one_cm":4523,"minecraft:play_time":3688,"minecraft:walk_on_water_one_cm":18,"minecraft:time_since_death":3688,"minecraft:walk_one_cm":1352,"minecraft:sneak_time":44,"minecraft:total_world_time":3688,"minecraft:walk_under_water_one_cm":661,"minecraft:fall_one_cm":2682,"minecraft:fly_one_cm":45222}},"DataVersion":3839}